URL,Label
https://www.cnn.com/signin,good
https://nicktrenton.com/wp-content/plugins/updraftplus/vendor/guzzle/guzzle/src/Guzzle/Http/Curl/ValidateData/viewer-ms-do/email-plugin-read/aW9ub3Nlcw**/attach-viewer-main/ZnJvbnRkZXNrQGNhc2FlbnRyZWRvc2FndWFzLmVz,bad
https://learn-suitrzo-en.netlify.app/,bad
https://www.paypal.com/careers,good
http://us-mettaa-mask_loggin.godaddysites.com/,bad
https://kucoin-in.godaddysites.com/,bad
https://bbc.com/contact,good
https://stackoverflow.com/help,good
https://linkedin.com/help,good
https://www.paypal.com/contact,good
https://stackoverflow.com/questions/tagged/python,good
https://github.com/search,good
http://newlineli2.temp.swtest.ru/microsoft/Office365Upgrade.html,bad
https://chase.com/login,good
https://prezo.ai/public/new-prezo--d402a51e-e952-4093-b6bc-ab8e02f99bed,bad
https://example.com/banking,good
https://tivexa.cfd/jp/,bad
https://bfmgaoyvxk.dupix.cfd/vynthlwqfd,bad
https://qantas-96103.web.app/,bad
https://www.facebook.com/home,good
https://wikipedia.org/,good
https://certimaliacre.web.app/,bad
https://get-io-start--trezor.pages.dev/,bad
https://safe-login-live.pages.dev/,bad
https://www.nytimes.com/products,good
https://apple.com/careers,good
https://pay.clubeempiricus.site/pix/36V1X143,bad
https://advertise-issue-camp-activate.firebaseapp.com/,bad
https://wikipedia.org/services,good
https://example.com/verify,good
https://www.chase.com/news,good
https://goweatrf6519439293337244550.blogspot.com/,bad
https://www.microsoft.com/help,good
https://camp-review-issue-page-ads.firebaseapp.com/,bad
https://www.chase.com/services,good
https://www.google.com/products,good
https://www.stackoverflow.com/,good
https://ftjhff.blogspot.com/,bad
https://wikipedia.org/careers,good
https://stackoverflow.com/blog,good
https://chatbot.page/3uAto9,bad
https://login-led-ger-live.pages.dev/,bad
https://ledgre-login-en.pages.dev/,bad
https://docs.google.com/drawings/d/1R2BvGPUXaywcejJ9rTnf8febFsgSrBWLYBa10xN0aZk/edit,bad
https://cc186671-wordpress-yvrg7.tw1.ru/wp-content/plugins/nwca-ddcanww/nwca-ddcanww/pages/region.php?lca#3be0a1f752ef3e835,bad
https://wikipedia.org/products,good
https://www.paypal.com/services,good
https://docs.google.com/drawings/d/1Hpe8ev0nqEyDJT6MzntyntFT1N8YUUdVg9wUX3KxuFg/edit,bad
https://bank.261023.top/,bad
https://www.reddit.com/careers,good
https://jpvpasrmkcaessieradyjp.cfd/8w8C8m,bad
https://www.ebay.com/login,good
https://robinhood--login--start.pages.dev/,bad
https://microsoft.com/signin,good
https://www.ebay.com/contact,good
https://microsoft.com/home,good
https://trezor-io-sart-gem.pages.dev/,bad
https://bitenve.cc:443/,bad
https://trezor-io-com-home.pages.dev/,bad
https://www.stackoverflow.com/help,good
https://chase.com/help,good
https://microsoft.com/,good
https://active-suite-trezor.pages.dev/,bad
https://www.sspl.com.auaumx2.sspl.com.auwww.aumx2.sspl.com.auaumx2.sspl.com.au/mobile/login/,bad
http://bitenve.cc,bad
https://trezor-bridge-online.pages.dev/,bad
https://www.bbc.com/products,good
https://www.facebook.com/privacy,good
https://settlementrf.s3.us-east-2.amazonaws.com/financebs.html,bad
https://www.amazon.com/terms,good
https://cnn.com/login,good
https://www.bbc.com/search,good
https://ypovolioikonomikon.firebaseapp.com/,bad
https://reddit.com/careers,good
https://net-trezor-login.pages.dev/,bad
https://example.com/account,good
https://www.reddit.com/products,good
https://get-ndax-login-eng.pages.dev/,bad
https://mexdeliver.com/,bad
https://tapkit.me/BTCOMSSQ,bad
https://www.bbc.com/signin,good
https://home-ldgerlivlogin.pages.dev/,bad
https://account-login-robin-hood.pages.dev/,bad
https://wikipedia.org/support,good
https://www.twitter.com/about,good
https://btwebmailteam.glide.page/dl/fa7d9d,bad
https://www.nasa.gov/mission_pages,good
https://metamas-login-uks.pages.dev/,bad
https://www.paypal.com/home,good
https://orgplala.org/update.email/update2,bad
https://www.youtube.com/,good
https://www.facebook.com/help,good
https://linkedin.com/news,good
https://www.bbc.com/careers,good
https://paypal.com/careers,good
https://www.amazon.com/gp/product/B08N5WRWNW,good
https://gjdguxuw.web.app/,bad
https://www.instagram.com/profile,good
https://ywonefb.minzo.cfd/bsciusk,bad
https://www.bloomberg.com/technology,good
https://reddit.com/contact,good
https://byvkpjvpatradb.firebaseapp.com/,bad
https://5e145c29-6373-4926-abb6-e946221858f7-00-b71qb0fyg7zm.spock.replit.dev/,bad
https://ccppannel-jgoec.firebaseapp.com/,bad
https://www.youtube.com/terms,good
https://docs.google.com/drawings/d/1zp2f0z7sQVDyT8dU4DOad9F_jc2RJ-ZNyAYyM4EUHm8/edit,bad
https://www.stackoverflow.com/profile,good
https://ming-auth.web.app/,bad
https://www.amazon.com/support,good
https://www.instagram.com/privacy,good
https://www.github.com/support,good
https://adrobertson59.wixsite.com/home,bad
https://netflix.com/support,good
https://youtube.com/account,good
https://home-ledgerr-wallet.pages.dev/,bad
https://ledgrr-login-en.pages.dev/,bad
https://docs.google.com/drawings/d/14E3ORIYmjNz2F-UUnNwMlObnUevmHfBZ1C-nipWw9Bk/edit,bad
https://reddit.com/help,good
https://cpnall-webmail.firebaseapp.com/,bad
https://docs.google.com/drawings/d/1KWLaMEGcPpTvU_fCOWjADupJT_OObjFb5-dq3w9XUvQ/edit,bad
https://global2023-stack-661-storage.s3.eu-west-2.amazonaws.com/8Cdg76Zim8?em=redacted@abuse.ionos.com,bad
https://tr.ee/hSQYap,bad
https://microsoft.com,good
https://netflix.com/help,good
https://www.linkedin.com/careers,good
https://netflix.com/privacy,good
https://docs.google.com/drawings/d/1QLcLtFbEF3UXS_srKG1OALRtggK_-uHfICj3ffZTEts/edit,bad
https://github.com/scikit-learn/scikit-learn,good
https://linkedin.com/home,good
https://www.microsoft.com/profile,good
https://amazon.com/privacy,good
https://www.linkedin.com/contact,good
https://www.wsj.com/tech,good
https://w.cliente-brada.click/index,bad
https://www.amazon.com/,good
https://metamas-login-min.pages.dev/,bad
http://facebook-psm.blogspot.pe/,bad
https://nicosiaportal.web.app/,bad
https://www.chase.com/terms,good
https://trezzr-hared-wallet.pages.dev/,bad
https://sgurunextdoor-store.ipns.dweb.link/,bad
https://www.youtube.com/careers,good
http://formula-champ.ru/wp-content/upgrade/novobanco.php,bad
https://inpost-pl.gvertymo.cfd/payment/cae44c860d3c/millennium,bad
https://ln.run/A2EdG,bad
https://forms.gle/ob8JybgcKDdp9awg7,bad
https://trezor-bridge-cloud-ert.pages.dev/,bad
https://www.nytimes.com/news,good
https://facebook.com/home,good
http://kucoin-in.godaddysites.com/,bad
https://secure-leger-help.pages.dev/,bad
https://facebook.com/support,good
https://www.github.com/privacy,good
https://goweatrf-7540160719130367336.blogspot.com/,bad
https://example.com/signin,good
https://olx-pl.sfomsler.cfd/payment/cae44c860d3c/millennium,bad
https://www.google.com/blog,good
https://www.wikipedia.org/terms,good
https://chainmoduledapp.firebaseapp.com/,bad
https://lefkosianicosia.web.app/,bad
https://paypal.com/signin,good
https://leddgerlogin-www.pages.dev/,bad
http://smbc-cardxfs.club,bad
https://btinternet1.durablesites.com/,bad
https://www.apple.com/products,good
https://stackoverflow.com/home,good
https://www.stackoverflow.com,good
http://gadabout.es/blog/wp-content/plugins/wp-federation-integumentary/index.php?r=bD1odHRwczovL3doaXNwZXJpbmdwaW5lc2hpZGVhd2F5LmNvbS8/Y2lkPU56STJOak14JmVtPWFXNW1iMEJsYzNCeVpYTnpiMjFoYzJOb2FXNWxiaTF5WlhCaGNtRjBkWEl0WW1GeWFYTjBZUzVrWlE9PQ=,bad
https://appeal-matter-tw-feedback.firebaseapp.com/,bad
https://junor.cfd/co.jp.ETGate/,bad
https://prezo.ai/public/new-prezo--1b114392-5d79-4899-9262-b9b243d7239d,bad
https://www.reddit.com/help,good
https://mon-colispickup.com/captcha.php,bad
https://trezor-ai-suite.pages.dev/,bad
https://regulariser-peage.com/as.php,bad
https://tiiujj.ledon.icu/vvtmgvm,bad
https://amazon.com/contact,good
https://nextlayer-datagridpulse.firebaseapp.com/,bad
https://www.chase.com/,good
https://nytimes.com/news,good
https://www.github.com/careers,good
https://microsoft.com/privacy,good
https://chase.com/products,good
https://www.linkedin.com/support,good
https://930302934934.bubbleapps.io/,bad
https://www.instagram.com/login,good
https://www.chase.com/careers,good
https://dpdprt-ptrst.cfd/,bad
https://doityourselfideen.com/cid-82042-eid-4422049,bad
https://www.youtube.com/profile,good
https://gxyerkio.sellfy.store/,bad
https://joyous-wheel-871982.framer.app/,bad
https://www.netflix.com/terms,good
https://ccpanel-loggin.firebaseapp.com/,bad
https://www.netflix.com,good
https://dhtrack-ptg.com/,bad
https://signature-uptraspac.web.app/,bad
https://facebook.com/services,good
https://github.com/support,good
https://ln.run/bgANW,bad
https://www.microsoft.com/search,good
https://www.chase.com/search,good
https://74-248-232-134.cprapid.com/de/update.php?4df77o52lj9gpv26i1cz,bad
https://facebook.com/news,good
https://tezor-io-auth.pages.dev/,bad
https://netflix.com/home,good
https://stackoverflow.com/terms,good
https://instagram.com/blog,good
https://instagram.com/about,good
https://docs.google.com/drawings/d/1q6aZgaTpH-VoHRKW3hz8a00D_N8cZaZjgZItZaZhkFA/edit,bad
https://smlcfaeeqysa.myfunnelish.com/glow-serum/lp-89723-1761311294082783,bad
https://instagram.com/privacy,good
https://google.com,good
https://goktas.com.tr/gmo/undexc/system.php?praga=ec7ee0680a22cad033ace57900597848&pid=ec7ee0680a22cad033ace57900597848&frameworkec7ee0680a22cad033ace57900597848=ec7ee0680a22cad033ace57900597848&zonealldom=aaaa@example.jp&ubuntu=ec7ee0680a22cad033ace57900597848&about=ec7ee0680a22cad033ace57900597848-contact,bad
https://www.apple.com/news,good
http://allegrolokalnie.pl-oferta857153.cfd/,bad
https://netflix.com/blog,good
https://usa-ledgior-liv-login.pages.dev/,bad
https://www.wikipedia.org/careers,good
https://twitter.com/news,good
https://secure-trezor-login.pages.dev/,bad
https://docs.google.com/drawings/d/1RpJ3nIElvRW_5zoufrhom6YXykrl5ESBkkqcnETzp1I/edit,bad
https://docs.google.com/drawings/d/10TQ-jO-WmzZlm4zdqc2SAJhGwKw8E7jfsgMwjrtMmbg/edit,bad
https://checkexpressmrelais.com/as.php,bad
https://www.whitehouse.gov/briefing-room,good
https://github.com/,good
https://docs.google.com/drawings/d/16Qt-ruZ0A6WxSJIhGwMeF2e54PaI8V0xUWd8kRsSkG0/edit,bad
https://bbc.com/blog,good
https://www.nytimes.com/help,good
https://reddit.com/terms,good
https://www.nytimes.com/about,good
https://stackoverflow.com/support,good
https://www.bbc.com/support,good
https://www.netflixhelps.com/,bad
https://new--trezor-login.pages.dev/,bad
https://www.bbc.com/help,good
https://github.com/services,good
https://pages-trezor-faq.pages.dev/,bad
https://paypal.com/products,good
https://www.google.com/profile,good
https://inpost-pl.kopiezakel.cfd/payment/cae44c860d3c/millennium,bad
https://www.apple.com/,good
https://bridg-trezor-io.pages.dev/,bad
https://www.wikipedia.org/home,good
https://paypal.com/home,good
https://jpvpasomkcessrieradyjp.cfd/v2/check,bad
https://btbroadband-k2tr.glide.page/dl/264463,bad
https://www.amazon.com/about,good
https://twitter.com/login,good
https://impots-gouv.fr-dossier.com//?form=3916bis#,bad
https://activity-id-feedbacknow.web.app/,bad
https://crm.fabricaroyal.com/vendor/phpunit/phpunit/src/Util/PHP/app/,bad
https://cnn.com/search,good
https://www.apple.com/support,good
https://goweatrf-7540160719130367336.blogspot.com/?m=1,bad
https://ebay.com/login,good
https://plus.n-h-k.guitarbulgaria.com/inquiry/,bad
https://apple.com,good
https://cnn.com/blog,good
https://robinhood-io-user.pages.dev/,bad
https://microsoft.com/careers,good
https://sp14652.sitebeat.crazydomains.com/,bad
https://t.co/1ocKcULk2M,bad
https://docs.google.com/drawings/d/15pbfzL0ty-WBqtR28PST06GXBzXoEH4VrOB88nKwG0A/edit,bad
https://cnn.com/support,good
https://poczta.tanagesl.cfd/payment/cae44c860d3c/millennium,bad
https://asliyf.didow.cfd/xfswpgqedl,bad
https://infoeeess1111.wpdevcloud.com/wp-content/uploads/2025/10/RR/correoss/correoss/SS/corr/corr.php,bad
https://lgukcf.blogspot.com/,bad
https://auth-ledger-login.pages.dev/,bad
https://bafkreiefceen7ecqglmqmx4iyfur34b2mebe2bnmffgmrgyw5kunskpj2a.ipfs.dweb.link/,bad
https://www.youtube.com/watch?v=dQw4w9WgXcQ,good
https://wikipedia.org/home,good
https://docs.google.com/drawings/d/1LMdlCPoHbTlznhIXyWyLnEcoIgIBnXabP5hw-XN89H0/edit,bad
https://jpvpasemkcesvsieradyjp.cfd/v2/check,bad
https://webappsecureaccontwrweiugyiuyhgkjsdgsd.hawkeye2.biz.id/?yyy,bad
https://l.wl.co/l?u=https://qr-codes.io/VCBihx,bad
https://itsssl.com/corress25,bad
https://ebay.com/terms,good
https://dkifjfsz.thsite.top/,bad
https://trezor-strt-us.pages.dev/,bad
https://www.oracle.com/customer/portal,good
https://www.instagram.com/contact,good
https://docs.google.com/drawings/d/1W3_cJ48DSz6vhKIPYFKShgsqetSllzdrL0Fw-lBrwb0/edit,bad
https://www.stackoverflow.com/products,good
https://www.wikipedia.org/signin,good
https://bocb1profil.web.app/,bad
https://www.chase.com/home,good
https://accountinfo-advert-appealnow.firebaseapp.com/,bad
https://gjdguxuw.firebaseapp.com/,bad
http://facebook-psm.blogspot.co.id/,bad
https://www.bbc.com/terms,good
https://infoadvertise-error-checknow.web.app/,bad
https://www.nytimes.com/section/technology,good
https://larnacamofa.web.app/,bad
https://snip.ly/oficina-correos/,bad
https://bbc.com/login,good
https://stackoverflow.com/signin,good
https://docs.google.com/drawings/d/1n0Sl2A_vwc6aU_b3sm-mdXX46Af3uJMos0n7Qvz0Lhw/edit,bad
https://www.tumblr.com/dashboard,good
https://en-us-trezoer-wallet.pages.dev/,bad
https://docs.google.com/drawings/d/1Ltw1dFZ4CndfTY3OUqluTJ3pVv5Dk5DzmcmlD5CjEuo/edit,bad
https://netflix.com/,good
https://linkedin.com/services,good
https://oxproeliptic-server.web.app/,bad
https://wallet-desktop-eng.pages.dev/,bad
https://www.github.com,good
https://www.netflix.com/blog,good
https://www.nytimes.com/profile,good
https://en-ledgerlogin.pages.dev/,bad
https://t.co/DBKeAsI42x,bad
https://www.twitter.com/home,good
https://linkin.bio/yumika-sl,bad
https://www.bqq.xqj.mybluehost.me/fr/app/auth/Nickel-informations-login-ACLIqWDKsRui5AL3yTAw6C1er11A/nkl-log.php/,bad
https://support-ldgerlogn.pages.dev/,bad
https://www.reddit.com/privacy,good
https://reddit.com/home,good
https://docs.google.com/drawings/d/1EIIIDqplXXZa7LoZ4hVc_oT_BUyp-9xAokR3IEi1VI8/edit,bad
https://www.intel.com/content/www/us/en/products,good
https://spiritfinancialcu.s3.us-east-1.amazonaws.com/spfcu.html,bad
https://robinhud-logd-account.pages.dev/,bad
https://www.wikipedia.org/,good
https://www.harvard.edu/research,good
https://us-service-ldger.pages.dev/,bad
https://jpvpasemkcesvsieradyjp.cfd/8w8C8m,bad
http://kucoin_se-login-po.godaddysites.com/,bad
http://fnotanat.com/out.php?email=mg_zing88@att.net,bad
https://www.vv6587.cc/?id=372639792,bad
https://docs.google.com/drawings/d/17jTcSfc1HaKW5R8ia-wIjXC5BW0HaOlVLq42aW-ZYVI/edit,bad
https://www.github.com/signin,good
https://docs.google.com/drawings/d/1NGimuwvvm8qpvkBVOz1jp65ZZFfIoqZ47n7WOh2K51U/edit,bad
https://auth-dpp.cloudaccess.host/zz/au/web/,bad
https://docs.google.com/drawings/d/141aGkC3ocanb87b65KbzG2aU8x9Kl1ians0CrYe-Imc/edit,bad
http://sadjester.ru/wp//wp-content/plugins/hello-dolly/_j45f8/fitsalddd.html,bad
http://casefb482255-iuan.vercel.app/,bad
https://sso-emvimlt-locale-lt.firebaseapp.com/,bad
https://reddit.com/blog,good
https://www.microsoft.com/privacy,good
https://northshorefcu.s3.us-east-1.amazonaws.com/northshorefcu.html,bad
https://ebay.com/about,good
https://inpost-pl.wsiakzol.cfd/payment/cae44c860d3c/millennium,bad
http://smbc-cardutx.club,bad
https://neat-architecture-869594.framer.app/,bad
https://hyatt-usa.org/ea4b82f1b1fb1669dd80ae225d2153fb7128414bfbc64d79924fdab9b24df1dfc14220830ae225d2153fb7128414bfbc64d7992b7128414bfbc64d7992ea4b82f1b1fb1669dd.htm#redacted@abuse.ionos.com,bad
https://camp-activation-suite-page-ads.firebaseapp.com/,bad
https://www.reddit.com/profile,good
https://paypal.com/account,good
https://microsoft.com/search,good
https://qr-codes.io/VCBihx,bad
https://linkedin.com/support,good
https://apple.com/about,good
https://nytimes.com/login,good
https://cutt.ly/6r9S7qxV,bad
https://www.google.com/home,good
https://yahoo-signin.framer.website/,bad
https://shorter.me/-b70q,bad
https://2fjdku.share-eu1.hsforms.com/2KuTJXKEkTyqTvFTql5IQEg,bad
https://www.chase.com/account,good
https://www.nytimes.com/careers,good
https://www.linkedin.com/services,good
https://t.co/pOQfrCIadl,bad
https://en-desktop-support.pages.dev/,bad
https://www.google.com/,good
https://chase.com/news,good
https://www.stackoverflow.com/home,good
https://www.bbc.com,good
https://mexdeliver.com/captcha,bad
https://www.theverge.com/2024/1/1,good
https://urlz.fr/uTWW,bad
https://www.microsoft.com/services,good
https://youtube.com,good
https://linkedin.com/terms,good
https://fevoxs.cfd/rohty,bad
https://www.netflix.com/,good
https://docs.google.com/forms/d/e/1FAIpQLSdDeoEpG7QbcEkvJUubUHONmangvTW91hHDrPcTwC80QFgoGw/viewform?usp=send_form,bad
https://auth-trzar-io.pages.dev/,bad
https://wallet-trezur-support.pages.dev/,bad
https://microsoft.com/terms,good
https://zysnor.cfd/mmlru,bad
https://www.paypal.com/,good
https://www.youtube.com/privacy,good
https://youtube.com/profile,good
https://www.facebook.com/terms,good
https://uphold_logp_us.godaddysites.com/,bad
https://www.stackoverflow.com/terms,good
https://github.com/login,good
https://www.apple.com/contact,good
https://chase.com/terms,good
https://darmistt.wixstudio.com/yahoo,bad
https://radianceconstruction.com.au//plalanew/Sites/index.html,bad
https://www.microsoft.com/news,good
https://paypal.com/search,good
https://secure-trezo-brodge-io.pages.dev/,bad
https://youtube.com/terms,good
https://www.facebook.com/news,good
https://qreszzvt.nulix.cfd/olmnfyouka,bad
https://www.cnn.com/2024/01/01/tech,good
https://google.com/news,good
https://www.stackoverflow.com/contact,good
https://byvkpjvpatradb.web.app/,bad
https://www.google.com/support,good
https://youtube.com/careers,good
https://online-klanten-omgeving.eu/fluvius/68faa0125c41e,bad
https://www.google.com/signin,good
https://www.facebook.com/contact,good
https://duvon.cfd/jp/,bad
https://xky.cbz.mybluehost.me/resd/confirmMyAddressAndFee.php,bad
https://jpvpasomkcessrieradyjp.cfd/8w8C8m,bad
https://www.cnn.com/services,good
https://github.com,good
https://www.twitter.com,good
https://ywonefb.minzo.cfd/y1.html,bad
https://www.wikipedia.org/privacy,good
https://olx-pl.mozieloko.cfd/payment/cae44c860d3c/millennium,bad
https://t.co/6o5mzjanyj,bad
https://reddit.com/news,good
https://docs.google.com/drawings/d/1IUhblEkbMixzW5SlJoSu1bkzuJfeCfZTi985AMUAIsw/edit,bad
https://github.com/tensorflow/tensorflow,good
https://www.microsoft.com/products,good
https://nixzgdxxej.muxel.cfd/qxbpiawta,bad
https://fr-pickups-lockers.com/,bad
https://thesavingsgroup.s3.us-east-1.amazonaws.com/thesavingsgroup.html,bad
https://github.com/account,good
http://portal-trezor-io-start.weebly.com,bad
https://bradesco-clienteonlineacesso.digital/,bad
https://www.youtube.com/signin,good
https://www.linkedin.com/search,good
https://cqsxjcdtbdbsbt.web.app/,bad
https://www.microsoft.com/terms,good
https://www.apple.com/careers,good
https://wikipedia.org/search,good
https://instagram.com/products,good
https://doc-trezor-iostart.pages.dev/,bad
https://limassolmofa.web.app/,bad
https://example.com/secure,good
https://www.amazon.com/privacy,good
https://amazon.com/products,good
https://bbc.com/signin,good
https://cnn.com/services,good
https://www.apple.com,good
https://www.oracle.com/cloud,good
https://www.reddit.com/services,good
https://come.ac/RbtKl,bad
https://mayzltogx.revon.cfd/flnspzhs,bad
https://www.linkedin.com/account,good
https://www.nytimes.com/home,good
https://docs.google.com/drawings/d/1zwh4ZdubR9FhSDCg9R5gyutsvIBBOm3UHrkZOW7Q88o/edit,bad
https://instagram.com/services,good
https://cl401608-wordpress-czbyj.tw1.ru/wp-content/plugins/agclnw/pages/region.php,bad
https://www.reddit.com/account,good
https://sce.bru.ac.th/wp-content/plugins/wordpress-seo/vendor/composer/mk.htm,bad
https://auth-exods-en.pages.dev/,bad
https://paypal.com/news,good
https://www.twitter.com/support,good
https://docs.google.com/drawings/d/1i3ZRmPhoD6FRPv8d0Auv2Q6iR1JUqu1CWwvvDhGXy_w/edit,bad
https://forms.gle/SFQnWs2z27NZDDux9,bad
https://www.nytimes.com/services,good
https://aws.amazon.com/console,good
https://www.google.com/help,good
https://www.chase.com/login,good
https://aeon.dbgaecf.com/syOzBZ/#/,bad
https://facebook.com,good
https://linkedin.com/login,good
https://facebook.com/contact,good
https://www.cnn.com/,good
https://goweatrf4234254689000244550.blogspot.com/?m=1,bad
https://allegrolokalnie.pl-oferta847152.cfd,bad
https://www.amazon.com/blog,good
https://bradesco.centralestorno.com/pj/componenteSeguranca.php?hash=5622854368f7c162ee24f2.34734956,bad
https://www.youtube.com/contact,good
https://www.lavozdelaranda.es/wp-content/themes/magplus/admin,bad
https://docs.google.com/drawings/d/1GjSeYZX1l66F7ipWco6rzZTDopIvLK2XNR6-yI65Mwk/edit,bad
https://unitedgroup.ps/agenda/sso.login/login2.php,bad
https://facebook.com/help,good
https://youtube.com/services,good
https://sharencares.com/wp-content/updraft/,bad
https://ledgerlogin-live.pages.dev/,bad
https://www.netflix.com/help,good
https://netflix.com/account,good
https://dappsauth.firebaseapp.com/,bad
https://apple.com/terms,good
https://www.instagram.com/home,good
http://facebook-psm.blogspot.cz/,bad
https://www.wikipedia.org/products,good
https://www.instagram.com/terms,good
http://facebook-psm.blogspot.no/,bad
https://e-e-update.weeblysite.com/,bad
https://www.facebook.com/support,good
https://jpvpascmkcecssieradyjp.cfd/v2/check,bad
https://bbxcavrbbwxpynpqx.web.app/,bad
https://nytimes.com/,good
https://chase.com/home,good
https://www.netflix.com/browse,good
https://www.facebook.com/login,good
https://docs.google.com/drawings/d/1haM5ckjiF8Ht-XX2QyKscp20WEFYHtQz2UaAFdtkR7U/edit,bad
https://www.instagram.com/about,good
https://bbc.com/account,good
http://learn-suitrzo-en.netlify.app,bad
https://meta-al-resolve.web.app/,bad
http://allegrolokalnie.pl-oferta698526.icu/,bad
https://www.instagram.com,good
https://www.linkedin.com/help,good
https://docs.google.com/forms/d/1H-y1wYCm1ia1iP9Ex1R2u08hPtQmVqoQwebm4xzayVQ,bad
https://exo-dusweb-3wallet.pages.dev/,bad
https://goldn011.wixsite.com/my-site-1,bad
https://amazon.com/careers,good
https://docs.google.com/drawings/d/1DMx9FEJOgsBtWO0Px86eo3C-1oXUpLKLZTDkVP7aPcg/edit,bad
https://org-plala.org/update.email/update1,bad
https://www.github.com/account,good
https://gfyuuc.blogspot.li,bad
https://support-x-nda-cdn.pages.dev/,bad
https://stackoverflow.com,good
https://aggiob.site.tb-hosting.com/,bad
https://www.amazon.com/profile,good
https://en-robinhod-log-in-us.pages.dev/,bad
https://instagram.com/home,good
https://hzhvx.t7yl5qtp4.workers.dev/,bad
https://centrorigen.com/ch.html,bad
https://docs.google.com/drawings/d/1PkL6tawnIMjmnvc-5md3s8sOei2jGpuovypT2DOsTWM/edit,bad
https://syncupdtbillauthosemgokwmregmkeberg.kluroasudmx.biz.id/?bertherfgbsf,bad
https://b5306fc1-c50f-4648-99ae-bed0270306d1-00-3fizb1mh02g1p.janeway.replit.dev/?fbclid=IwY2xjawNo9ohleHRuA2FlbQIxMABicmlkETFjYWVIbEVqZ3A3Tll2Wkc3AR6iC86V7eIFl8FyEK7OibVFEl2ynv8D5HpWT79kYcAVVcz0IyAHPAYF3ba_mQ_aem_6q9_ElYjArddt3Dft6QyiA,bad
https://docs.google.com/drawings/d/1A3Bn7VQPYzmgx_L8AWcZDO5T0ioxP1RcB-LxwNQWXBs/edit,bad
https://wwwqwxoderz420931666738811244550.blogspot.com/,bad
https://www.wikipedia.org/blog,good
https://ebay.com/help,good
https://youtube.com/,good
https://waltdisney.service.support.softwareveterinariogratis.com/captcha/calcul_captcha.php,bad
https://sso-emvimlt-locale-lt.web.app/,bad
https://jpvpasrmkcaessieradyjp.cfd/v2/check,bad
https://csbim-connect.web.app/,bad
https://advertise-issue-camp-activate.web.app/,bad
https://wallet-ledgerlive-com.pages.dev/,bad
https://swiftrpc.web.app/,bad
https://www.twitter.com/search,good
https://nytimes.com/contact,good
https://www.stackoverflow.com/account,good
https://bbc.com/support,good
https://exo--duswallet3.pages.dev/,bad
https://docmangd.com/,bad
https://twitter.com/privacy,good
https://yumika-sl.com/id/step2.php,bad
https://wikipedia.org/blog,good
https://74-248-232-134.cprapid.com/de/kasse.php,bad
https://logigmetamaskkii.godaddysites.com/,bad
https://facebook.com/about,good
https://www.bbc.com/news/technology,good
https://microsoft.com/contact,good
https://www-sbihinsei-id.i3qqxn.top/lkdgarau/,bad
https://www.youtube.com/products,good
http://surl.lu/cs-es,bad
https://fairyland-cattery.com/cid-82042-eid-5850305,bad
https://www.apple.com/login,good
https://dgpj.cv//.well-known/acme-challenge/aonT/WEBMAIL1.html?email=YUBiLmNvbQ==,bad
https://support-ndax--x.pages.dev/,bad
https://en.wikipedia.org/wiki/Machine_learning,good
https://docs.google.com/drawings/d/1DrYVxssfh6xh-vKO4mL7JvGYVXBS35GrkRc_oASPP4k/edit,bad
https://inpost-pl.drazuskol.cfd/payment/cae44c860d3c/millennium,bad
https://sute-us-trezor.pages.dev/,bad
https://io-trezorstartt.pages.dev/,bad
https://twitter.com/,good
https://vuren.cfd/jp/,bad
https://cnn.com/terms,good
https://rebrand.ly/625be2,bad
https://www.youtube.com/home,good
https://www.apple.com/terms,good
https://mondial-planningjour.com/index.php,bad
https://chase.com/blog,good
https://my-ledgrlogin.pages.dev/,bad
https://www.wikipedia.org/support,good
https://www.nytimes.com/signin,good
https://us-trezorstartio.pages.dev/,bad
https://www.stackoverflow.com/services,good
https://online-etaxis.web.app/,bad
https://paypal.com/services,good
https://docs.google.com/drawings/d/1EyyzTToikVbVK57VwjkDmniQNSQjWwsMs4-GJfVqGMA/edit,bad
https://jpvpasamkcessizeradyjp.cfd/v2/check,bad
https://amazon.com/home,good
https://liegv.kevona.cfd/irrvrt,bad
https://rufhdhei.firebaseapp.com/,bad
https://apple.com/services,good
https://ebay.com/home,good
https://regisdopmsld.webcindario.com/,bad
https://nytimes.com/blog,good
https://google.com/support,good
https://orgplala.org/update.email/update2/,bad
https://www.google.com/terms,good
https://docs.google.com/drawings/d/12-KzCZWxa87qDxGVxTpS8TTOhpmdQGpxCgKKlToQLps/edit,bad
https://www.sap.com/products,good
https://rthfyr.blogspot.mk,bad
https://www.cnn.com/blog,good
https://www.my-acccount-netflx.com/,bad
https://olx-pl.dviekazno.cfd/payment/cae44c860d3c/millennium,bad
https://microsoft.com/help,good
https://docs.google.com/drawings/d/1EcnUuFLgzNkg1L3weV2J5wWewrJHo1z8rZqzG-HWywQ/edit,bad
https://oxproeliptic-server.firebaseapp.com/,bad
https://cashbackvantagens.digital/,bad
http://lawbook.co.in/bootstrap/index.php?r=bD1odHRwczovL2VzLXNlcnZpY2VzLmluZm8vP2NpZD1OekkyTmpNeCZlbT1hVzVtYjBCclp5MXdiMjU1YUc5bUxtUmw,bad
https://ipfs.io/ipfs/QmSmpaFLmfXHpnebwr3GaGgDzaRZRY5EQ1vcqJaNEAQED4,bad
https://youtube.com/products,good
https://www.cnn.com/careers,good
https://docs.google.com/drawings/d/1nSXOvC4CriIrHX5BHFBYRddqJ6ae6wpkZwphJis0JUk/edit,bad
https://radianceconstruction.com.au//renewplala/Sites/index.html,bad
https://bbc.com/products,good
https://taxieseurope.firebaseapp.com/,bad
https://servintlwebiamabu.servehalflife.com/?yyy,bad
https://shawaccountsign-in.framer.website/,bad
https://www.stackoverflow.com/privacy,good
https://bafybeiftrqnje56gonnxypcrgh3dnnuhdx6drqfgboe3okpi3sbfsewgxm.ipfs.dweb.link/cPweb8.html,bad
https://authprod11.makeweb.co/,bad
https://youtube.com/login,good
https://docs.google.com/drawings/d/1XsYz9ys102Bp_oEY7TN1-OToWtxxjNLq3HNm7QT76eI/edit,bad
https://hardware-io-trezor-us.pages.dev/,bad
https://fhushezadpgscj.firebaseapp.com/,bad
https://docs.google.com/document/d/1kWPqTcQZFCaCmBNBmajXQsOF0MxJyeRCZlSok42wfqc/edit,bad
https://docs.google.com/drawings/d/1VIlNHaaErGDVftGUe4vmO8hY1d4PoomDj1a_iMaHWdU/edit,bad
https://swiftrpc.firebaseapp.com/,bad
https://trez-or-log-in.pages.dev/,bad
https://www.instagram.com/help,good
https://leddgerlivlogin-dvi.pages.dev/,bad
https://www.google.com/news,good
https://napti.cfd/dzgui,bad
https://wikipedia.org/help,good
https://login--ndaxx.pages.dev/,bad
https://jk1lqhew.cn/d2/r2/daw=docomos/,bad
https://www.docmangd.com/,bad
https://io-strt-us-trezor.pages.dev/,bad
https://cf329112-wordpress-awf01.tw1.ru/wp-content/plugins/nwca-ddcanww/nwca-ddcanww/pages/region.php?lca#bb8e70ec2b32cff69,bad
https://www.apple.com/iphone,good
https://mobileworshipapps.com/paumjpft,bad
https://www.twitter.com/signin,good
https://www.facebook.com/,good
https://deutschistsuper.eu/wp-content/arubapanel/arubapanel/web/login.php,bad
https://qr-codes.io/ert1zh,bad
https://www.youtube.com/blog,good
https://signature-uptraspac.firebaseapp.com/,bad
https://paypal.com/support,good
https://www.facebook.com/blog,good
https://www.linkedin.com/privacy,good
https://docs.google.com/drawings/d/1rRH-vhMC6W3LwtqKemeEz4Ztkpk1pTVv_TrW4-rlWHM/edit,bad
https://www.facebook.com/groups/technology,good
https://docs.google.com/drawings/d/10XaXQeGSHi0SKX48wCQtaRw73eaRcE0gya6M6cjDNVw/edit,bad
https://www.mandras-shop.com/wp-content/plugins/woocommerce/packages/woocommerce-blocks/packages/checkout/totals/subtotal/stories/ValidateData/viewer-ms-do/email-plugin-read/aW9ub3Nlcw**/attach-viewer-main/Z21AY2FuYXVsaWx1eHVyeXJldHJlYXQuY29t,bad
https://docs.google.com/drawings/d/1mvYHIh5oAzrdCAoTmBEx__pQRShcDNnfa0vMvjCWqGo/edit,bad
https://nytimes.com/help,good
https://decentralized-dapps.firebaseapp.com/,bad
https://allegrolokalnie.pl-oferta573258.icu/,bad
https://www.github.com/blog,good
https://page-info-in-feedbacknow.firebaseapp.com/,bad
https://docs.google.com/document/d/1kWPqTcQZFCaCmBNBmajXQsOF0MxJyeRCZlSok42wfqc,bad
https://linkedin.com/search,good
https://www.microsoft.com/careers,good
https://wikipedia.org/terms,good
https://www.apple.com/home,good
https://aymshopping.com/vendor/dist/js/pages/datatable/.dehu/argencia/zxy511.php,bad
https://bia.acessarconta.com/7qSbY,bad
https://www.ibm.com/cloud,good
https://daxsn.cfd/co.jp.ETGate/,bad
http://btcom.fibery.io/,bad
https://_wildcard_.apportconsultoria.com.br/dhIst,bad
https://docs.google.com/drawings/d/1fiFSUiZIAkpbWQEcWC24wbS8vhTCKgqUS5mgoXG13x4/edit,bad
https://instagram.com/account,good
https://www.ebay.com/search,good
https://bbc.com/search,good
https://www.sap.com/support/update,good
https://cnn.com/about,good
https://service-io-ldger.pages.dev/,bad
https://trezor--start-io-web.pages.dev/,bad
https://novobanco.nanajeriapro.com/,bad
https://www.paypal.com/signin,good
https://youtube.com/privacy,good
https://www.paypal.com/profile,good
https://chase.com/services,good
https://anx.za.com/d1d87014c239/tecqj/,bad
https://instagram.com/careers,good
https://google.com/careers,good
https://goweatrf4234254689000244550.blogspot.com/,bad
https://www.bet365bby.com/,bad
https://keen-viper-0088.typedream.app/untitled-96e9,bad
https://twitter.com/help,good
https://www.nytimes.com/privacy,good
https://www.cnn.com/search,good
https://preview.webflow.com/preview/btt-c94974?utm_medium=preview_link&utm_source=designer&utm_content=btt-c94974&preview=6fb31695f3ec757f091a12bbad9871d4&workflow=sitePreview,bad
https://ouhhhf.blogspot.com/,bad
https://btbroadband.flazio.com/home?r=955097,bad
https://docs.google.com/drawings/d/1GzApfZqTiUtNxkSguW0kiGRUfT55HCTQugeXb72ITL4/edit,bad
https://chainnodex.com/manual.html,bad
https://www.paypal.com/help,good
https://docs.google.com/drawings/d/1wi4LMVYFXszH3BT4uaQWUBeJ8x9P4MW9soMAaPvCFTg/edit,bad
https://formula-champ.ru/wp-content/upgrade/novobanco.php,bad
https://reddit.com/profile,good
https://resticumeloige.firebaseapp.com/,bad
https://docs.google.com/forms/d/e/1FAIpQLSeaS6lZfpEONKa04GaMvK8Wz15BFQeXc_LM_TzOY2SwYCUSow/viewform?usp=send_form,bad
https://www.google.com/login,good
https://wikipedia.org/login,good
https://chase.com/search,good
https://bbc.com/news,good
https://businessinsightsdaily.com/wp-admin/docu/,bad
https://rufhdhei.web.app/,bad
https://www.pinterest.com/search/pins,good
https://doc.zwl.com.co/,bad
https://3riversfcu.biz/,bad
https://pub-a54a36d8558641d0aea5a7ae425bfec1.r2.dev/index.html,bad
https://public-trezor-io-login.pages.dev/,bad
https://wwwqwxoderz420931666738811244550.blogspot.com/?m=1,bad
https://www.apple.com/services,good
https://short-tribute-163443.framer.app/,bad
https://youtube.com/search,good
https://example.com/confirm,good
https://vidasalud.com.ar/sg/login/login.php,bad
https://reddit.com/login,good
http://smbc-cardljw.club,bad
https://metamas-login-nifs.pages.dev/,bad
https://urlz.fr/uTXW,bad
https://io-exods-wallet.pages.dev/,bad
https://docs.google.com/drawings/d/1scvwiazoBaspmIgzWDm9bbqDj3EOzhZU2Pd4L6YLYoQ/edit,bad
https://www.netflix.com/products,good
https://www.twitter.com/contact,good
https://steamcommunnitty.cc/gift/activation=QkiqbRQCQ,bad
https://www.wikipedia.org/login,good
https://wallet-x-ledgerlive.pages.dev/,bad
https://sensational-gnome-362fdd.netlify.app/hr_aruba.html,bad
https://active.network-panel-zone.com/,bad
http://suites-web-en.netlify.app,bad
https://docs.google.com/forms/d/e/1FAIpQLSf8sCMenvHmHC8hZ9LEe1bJ-uwnzvdY2p5WmEjY4gGoK_TDKg/viewform?usp=send_form,bad
https://google.com/privacy,good
https://relais-aide-colis.com/as.php,bad
https://forms.gle/W9NiKeNCGtDyLgRw6,bad
https://swinkimorskie.com/cid-82042-eid-340608,bad
https://qantas-96103.firebaseapp.com/,bad
https://reddit.com/signin,good
https://www.netflix.com/services,good
https://www.instagram.com/services,good
https://google.com/account,good
https://www.apple.com/privacy,good
https://www.ebay.com/help,good
https://amazon.com/help,good
https://paypal.com,good
https://urlz.fr/uUqX,bad
https://www.google.com/search?q=weather,good
https://www.netflix.com/contact,good
https://docs.google.com/drawings/d/1iwF6RMaBzgHK6WU5li8nKB8G-JsfKDGUclJ_qG7_4P4/edit,bad
https://instagram.com/signin,good
https://instagram.com,good
https://trezor-io-stat-us.pages.dev/,bad
https://www.bbc.com/login,good
https://poczta.zokeliad.cfd/payment/cae44c860d3c/millennium,bad
https://login--metamask.pages.dev/,bad
https://ebay.com/services,good
https://docs.google.com/presentation/d/e/2PACX-1vQpbbwaOZonjN__lVcN1gJJ0D-eyPzzC5gSuZRDjksFM1nYk3bvYvoDN61Rxc099vw37aTXS1cs3iuQ/pub?start=false&loop=false&delayms=3000,bad
https://stackoverflow.com/services,good
https://www-sbihinsei-id.09prt2.top/lkdgarau/,bad
https://google.com/profile,good
https://chase.com/support,good
https://insert-nd-ax-n-auth.pages.dev/,bad
https://t.co/TWX6SaX9Ae,bad
https://alliedsolutions.s3.us-east-1.amazonaws.com/autopay.html,bad
https://www.stackoverflow.com/login,good
https://smartrestore.pages.dev/,bad
https://www.bbc.com/profile,good
https://www.netflix.com/support,good
https://amazon.com/profile,good
https://www.ebay.com/,good
http://15.204.218.223/out.php?email=mg_zing88@att.net,bad
https://google.com/terms,good
https://www.stackoverflow.com/blog,good
https://www.paypal.com/blog,good
https://nytimes.com/support,good
https://ccpanel-loggin.web.app/,bad
https://start-trezor-web.pages.dev/,bad
https://urlz.fr/uUr8,bad
https://bdrgdx.blogspot.com.co,bad
https://e98e2e08-c663-4450-8323-9dfd59ea6acc-00-1amw9vyt9g6a9.janeway.replit.dev/,bad
https://amazon.com/login,good
https://microsoft.com/support,good
https://ln.run/wH1Wd,bad
https://www.microsoft.com/support,good
https://aecontabeis.com.br/Plala.or11/Sites//index.html,bad
https://dappsauth.web.app/,bad
https://www.amazon.com/products,good
http://www.casefb047002-2oqi.vercel.app/,bad
https://nytimes.com/about,good
https://www.paypal.com/news,good
https://netflix.com/careers,good
https://www.reddit.com/support,good
https://docs.google.com/drawings/d/1ir6YsDeMKrZCq35XDI-immVPDEnYZL1vx5xbHkPR-Fc/edit,bad
https://www.google.com/services,good
https://netflix.com/terms,good
https://www.bbc.com/blog,good
https://sso-exods-io.pages.dev/,bad
http://www.casefb294190-nubc.vercel.app/,bad
https://www.cnn.com/privacy,good
https://www.github.com/home,good
https://kgvizjhr.daxil.cfd/y1.html,bad
https://facebook.com/signin,good
https://docs.google.com/drawings/d/1HrrZWWLYk62dNP9z3Ik3GpQ03XpwVoomdOjn7xY9_r0/edit,bad
https://donei.loophole.site/hasec/login.php,bad
http://wml.rlj.mybluehost.me/espacee,bad
https://inpost-pl.naodenli.cfd/payment/cae44c860d3c/millennium,bad
https://www.twitter.com/help,good
https://org-plala.org/update.email/update2,bad
https://docs.google.com/drawings/d/1-XcoTqp3aKvjeYn-UjkiZSMUa72VVPlT9dqnc5-D_HQ/edit,bad
http://facebook-psm.blogspot.com/,bad
https://chase.com/signin,good
https://smart-graphs-326461.framer.app/,bad
https://twitter.com/contact,good
https://bdrgdx.blogspot.al,bad
https://www.twitter.com/login,good
https://page-id100675586545-ads.ubpages.com/tw2025/,bad
https://instagram.com/news,good
https://paypal.com/help,good
https://docs.google.com/drawings/d/1poYmq9yQkqHHuIt2Zs6TIWUwxWihH151l2Y6wzDskq4/edit,bad
https://www.stackoverflow.com/support,good
https://btinternetcomgxhj-lxn0.glide.page/dl/4e8c5e,bad
https://docs.google.com/drawings/d/1ybwPRnJ_7egGf3ORZz90yIipMNxo0BtMsalEr2_o19M/edit,bad
https://www.nytimes.com/account,good
https://docs.google.com/drawings/d/1E5kbsTiPKvY12k_Khb2prlBGG8BQ2iwf7iEP9BawLDY/edit,bad
http://wml.rlj.mybluehost.me/espacee/,bad
https://ppt.cc/ffxdsx,bad
https://www-sbihinsei-id.fn579o.top/lkdgarau/,bad
https://bdrgdx.blogspot.ch,bad
https://pay.pagamento-especialhoje.org/68f18a1c0dd846edc7f7bbce,bad
https://mywcwellness.com/wp-content/uploads/2026/disney-reopen/login.php,bad
https://advert-suite-support-info.firebaseapp.com/,bad
https://izunsdzskbrgek.firebaseapp.com/,bad
https://btinternet1.durablesites.com/unpublished,bad
https://bbxcavrbbwxpynpqx.firebaseapp.com/,bad
https://www.cnn.com/support,good
https://qqj.xkn.mybluehost.me/wah/,bad
http://allegrolokalnie.pl-oferta573258.icu,bad
https://www.github.com/,good
https://www.reddit.com/login,good
https://enlineapichicha1.webcindario.com/,bad
https://chainmoduledapp.web.app/,bad
https://www.convites-bradescoexp.com/,bad
https://www.linkedin.com/home,good
https://www.wikipedia.org/account,good
https://apple.com/login,good
https://activity-id-feedbacknow.firebaseapp.com/,bad
https://apple.com/blog,good
https://linkin.bio/yumika-sl/,bad
http://vv6228.com,bad
https://linkedin.com/privacy,good
https://google.com/products,good
https://www.instagram.com/explore/tags/tech,good
https://bbc.com/help,good
https://memorproof.trxdiof.cn/first_jalsuica-default/,bad
https://www.google.com/privacy,good
https://bbc.com/careers,good
https://docs.google.com/drawings/d/1h8rCeaJTQcQMUohtUbWKfyg4uZ4c68yaYVoDlzNEbfs/edit,bad
https://secure--ledger-login.pages.dev/,bad
https://linkedin.com/careers,good
https://plus.n-h-k.guitarbulgaria.com/inquiry,bad
https://facebook.com/blog,good
https://www.instagram.com/account,good
https://stackoverflow.com/about,good
https://cabin-queue.web.app/,bad
https://www.cnn.com/news,good
https://dexlaunchpads-v3.firebaseapp.com/,bad
https://docs.google.com/drawings/d/1W0buLlEddz9QCOl-lvQzeOXZ4aC8wtyrB5A2YjyhDKo/edit,bad
https://www.chase.com/privacy,good
http://smbc-cardj23.club,bad
https://allegrolokalnie.pl-oferta847152.cfd/,bad
https://docs.google.com/drawings/d/159YsOjq-xfWkZoFGij6ls_bQOGeRp92z_ufxy_0vsCw/edit,bad
https://jpvpascmkcecssieradyjp.cfd/8w8C8m,bad
https://schoonheidsinstituut-chi.be/wp-admin/id/MailUpdateFresh/?err=LKU3NHYOXXCABROGITI&amp;dispatch=b8b&amp;id=A857B42832B57248AAB7c87919aB67,bad
https://ebay.com/,good
https://www.google.com/account,good
https://www.ebay.com,good
https://redistribution-lockers-assistance.com/,bad
https://www.apple.com/blog,good
https://reddit.com/search,good
https://lefkosianicosia.firebaseapp.com/,bad
https://youtube.com/signin,good
https://accountinfo-advert-appealnow.web.app/,bad
https://domain-united-de.blogspot.com/,bad
https://nicosiaportal.firebaseapp.com/,bad
https://tivexa.cfd/jp,bad
https://wikipedia.org/privacy,good
https://appealing-kr-issuenow.web.app/,bad
https://reddit.com/privacy,good
https://forms.gle/hKjffboPmb1CCKCH9,bad
https://ccppannel-jgoec.web.app/,bad
https://cnn.com/news,good
https://applesupport-2oa.pages.dev/,bad
https://linkedin.com/account,good
https://itsssl.com/hXxim,bad
https://www.linkedin.com/products,good
https://redistribution-lockers-assistance.com/as.php,bad
https://resticumeloige.web.app/,bad
https://udpatemyg0vportalandsupportnow.de/xocv/,bad
https://page-issue-domain-support-info.firebaseapp.com/,bad
https://cppanel-log.firebaseapp.com/,bad
https://www.ebay.com/careers,good
https://izunsdzskbrgek.web.app/,bad
https://www.bbc.com/home,good
https://forms.gle/KC1bqL56BTfo6pyi6,bad
https://nytimes.com/products,good
https://support-dekstop-en.pages.dev/,bad
https://elster-de-eportal.web.app/,bad
https://bt-v.sellfy.store/,bad
https://inpost-pl.dekisoalo.cfd/payment/cae44c860d3c/millennium,bad
https://upholdd-login-startup.pages.dev/,bad
https://www.salesforce.com/products,good
https://www.nvidia.com/en-us/geforce,good
https://imcdtec.wixsite.com/my-site-1,bad
https://cnn.com/privacy,good
https://www.bbc.com/contact,good
https://g307jbc1.web.app/,bad
https://www.netflix.com/careers,good
https://www.ebay.com/support,good
https://reprogrammer-mon-abonnement.com/,bad
https://chase.com/account,good
https://web.mit.edu/research,good
https://log-in-usa-trezor.pages.dev/,bad
https://infoadvertise-error-checknow.firebaseapp.com/,bad
https://learn-livelogin-ledgr.pages.dev/,bad
https://claim-nodes.web.app/,bad
https://github.com/terms,good
https://microsoft.com/news,good
https://wordpress.org/showcase,good
https://allegrolokalnie.pl-oferta857153.cfd/,bad
https://www.youtube.com/account,good
https://stackoverflow.com/contact,good
https://inpost-pl.vnieloralok.cfd/payment/cae44c860d3c/millennium,bad
https://github.com/about,good
https://nytimes.com/terms,good
https://paypal.com/terms,good
https://scnv.io/4pzf,bad
https://vexil.cfd/co.jp.ETGate/,bad
http://www.carexplo.com/aruba/,bad
https://secure-en-us-trez-start.pages.dev/,bad
https://portfolio-oddpurf.format.com/,bad
https://www.chase.com/blog,good
http://fo74-casefb086792.vercel.app/?naps,bad
https://inpost-pl.bnysizlo.cfd/payment/cae44c860d3c/millennium,bad
https://twitter.com/search,good
https://facebook.com/terms,good
https://multi-connect-token.web.app/,bad
https://cloud.google.com/products,good
https://docs.google.com/drawings/d/1VqSawqvzach-C-zWoPH0TFLlwq3dgXKXV-4dhX9fsBA/edit,bad
https://uamawfcj.sellfy.store/,bad
https://example.com/update,good
https://amazon.com/news,good
https://certimaliacre.firebaseapp.com/,bad
https://dgpugzqswtczge.firebaseapp.com/,bad
https://www.apple.com/signin,good
https://kredindijitalden.sbs/,bad
https://www-sbihinsei-id.9hf0d9.top/lkdgarau/,bad
https://github.com/privacy,good
https://www.ebay.com/services,good
https://sso-ndax-io-nav-en.pages.dev/,bad
https://trezor-io-begin.pages.dev/,bad
https://www.agritecnica.cl/wp-includes/css/.wp/,bad
https://blockchainguilds.pages.dev/,bad
https://www.wikipedia.org,good
https://www.ubuntu.com/download,good
https://formulario-firma-digital-empresarial.webnode.cr,bad
https://www.google.com/search,good
https://reddit.com/support,good
https://cpnall-webmail.web.app/,bad
https://csbim-connect.firebaseapp.com/,bad
https://smarthubtoken.firebaseapp.com/,bad
https://cqsxjcdtbdbsbt.firebaseapp.com/,bad
https://start-ledgger-com-auth.pages.dev/,bad
https://google.com/login,good
https://prezo.ai/public/new-prezo--0adb545b-a52c-4940-a4ce-ab9614aea6e8,bad
https://www.amazon.com,good
https://instagram.com/help,good
https://ndxxlogin-hub.pages.dev/,bad
https://efulfillmentpro.com/verify/iox/cp/sec.php?username=redacted@abuse.ionos.com&h=4A0A19343A1B17E533344A0A19218E082A218E082A343A1B17E533344A0A19218E082A343A1B17E5333409AF9D98F0F509AF9D98F0F5,bad
https://facebook.com/search,good
https://docs.google.com/drawings/d/1w4YhC-EvZt6Ni4vdMaPo-7WO-2RdF_0QQZ7eY7s9uQ0/edit,bad
https://www.twitter.com/,good
https://cnn.com/,good
https://www.facebook.com/services,good
https://linkedin.com/signin,good
https://cnn.com/products,good
https://trezzr-hare-wallet.pages.dev/,bad
https://youtube.com/help,good
https://apple.com/profile,good
https://www.microsoft.com/login,good
https://instantresolver.firebaseapp.com/,bad
https://docs.google.com/drawings/d/1EV4oq1tmEnMLGEWjpmgTzJbEYb9CquOi4LE4EZaYQTM/edit,bad
https://www.bbc.com/privacy,good
https://www.microsoft.com/contact,good
https://docs.google.com/drawings/d/1RSBss4ieJfL6EliNKo0vntx2uDOC22jKYWbwblxf7XU/edit,bad
https://reddit.com/account,good
http://allegrolokalnie.pl-oferta698526.icu,bad
https://paypal.com/about,good
https://www.paypal.com/about,good
https://camp-activation-suite-page-ads.web.app/,bad
https://my-acccount-netflx.com/,bad
https://netflix.com/signin,good
https://support.cgavtuyhfvmc.net/?acc=FU87F65D,bad
https://www.google.com,good
https://allegrolokalnie.pl-oferta857153.cfd,bad
https://suites-web-en.netlify.app/,bad
https://smartlayerboard.web.app/,bad
https://nytimes.com/privacy,good
https://home-trezorstrt.pages.dev/,bad
https://youtube.com/support,good
https://multi-connect-token.firebaseapp.com/,bad
https://www.youtube.com/help,good
https://chase.com/,good
https://3ihgyw2.lat/ncezogxq/vWtmNy/8,bad
https://www.twitter.com/news,good
https://youtube.com/home,good
https://www.microsoft.com/about,good
https://oass.co.jp/webmail/auth.sso.biglobe/login.html,bad
https://ledgerlive-login-home.pages.dev/,bad
https://www.nytimes.com/contact,good
https://www.facebook.com/search,good
https://docs.google.com/presentation/d/e/2PACX-1vQpbbwaOZonjN__lVcN1gJJ0D-eyPzzC5gSuZRDjksFM1nYk3bvYvoDN61Rxc099vw37aTXS1cs3iuQ/pub,bad
https://1lhgnh2tvotq5vkvkgyqznaucabmtdmb.feroje1756.workers.dev/,bad
https://stackoverflow.com/,good
https://bips7.s3.eu-north-1.amazonaws.com/code.html,bad
https://trezor-us-start-io.pages.dev/,bad
https://wikipedia.org/profile,good
https://www.paypal.com/terms,good
https://t.co/HDqOdCXzpH,bad
https://cnn.com/help,good
https://ebay.com/careers,good
https://www.instagram.com/news,good
https://www.amazon.com/help,good
https://en-support-ledgr-start.pages.dev/,bad
https://www.linkedin.com/terms,good
https://www.target.com/p/product,good
https://exo--dus3wallet.pages.dev/,bad
https://portfolio-kfvyily.format.com/theodo,bad
https://youtube.com/news,good
https://www.wikipedia.org/profile,good
https://my35w2hi.duckdns.org/,bad
https://ppdtgztwx56bmxb2avryyi2hepabjhvpwa6q5ju7p4ngqvozjzja.arweave.net/e8czZna_fBZcOgVjjCNHI8AUnq-wPQ6mn38aaFXZTlI/,bad
https://qr-codes.io/4JpKND,bad
https://www.instagram.com/support,good
https://youtube.com/contact,good
https://www.instagram.com/blog,good
https://secure-trezorstart.pages.dev/,bad
https://docs.google.com/drawings/d/1ZdfxffhP2Ijy0fuW3AhZ3_LqDTk1gqBTFYYxUuLT5mE/edit,bad
https://www.chase.com/profile,good
https://levyzuckermanfamily.com/jp,bad
https://youtube.com/blog,good
https://plus.n-h-k.whenthenkids.com/inquiry/,bad
https://deutschistsuper.eu/wp-content/arubapanel/arubapanel/,bad
https://www.linkedin.com,good
https://www.youtube.com/search,good
https://stackoverflow.com/products,good
https://www.chase.com,good
https://www.paypal.com/login,good
https://www.bbc.com/,good
https://stackoverflow.com/login,good
https://www.linkedin.com/login,good
https://cppanel-log.web.app/,bad
http://www-sbihinsei-id.9hf0d9.top/lkdgarau/,bad
https://www.paypal.com/privacy,good
https://docs.google.com/drawings/d/1e7PV1eVnT_mxv2bSbTQIE9I9Jdtr0TCqxWMj6txX76Q/edit,bad
https://wikipedia.org/about,good
https://bocb1profil.firebaseapp.com/,bad
https://poppin-405201.web.app/,bad
https://www.ebay.com/products,good
https://www.ibm.com/products,good
https://oeesoewsere.art/au/login.html,bad
https://faq-exdus-wallet.pages.dev/,bad
https://www.salesforce.com/help/secure,good
http://logigmetamaskkii.godaddysites.com/,bad
https://en-trezorstart.pages.dev/,bad
https://apple.com/privacy,good
https://www.linkedin.com/profile,good
http://tonocddquv.duckdns.org/en/,bad
https://google.com/help,good
https://helps-ldeger-login.pages.dev/,bad
https://www.google.com/contact,good
https://docs.google.com/drawings/d/1eKikP-WCrbyL45MgcqP1jejiaKmB_dc_P1PwjbKe5hY/edit,bad
https://btmailee.flazio.com/home?r=251280-1,bad
https://relais-aide-colis.com/,bad
https://anx.za.com/d1d87014c239,bad
https://defi-smart-projects.firebaseapp.com/,bad
https://www.bbc.com/about,good
https://wikipedia.org/contact,good
https://microsoft.com/blog,good
https://microsoft.com/products,good
https://www.nytimes.com,good
https://exo--e-docs-web3wallet.pages.dev/,bad
https://biogate.scisparc.cyou/XajupzMKj09DKcRTC1PX71pR5erqrmxtAoFRvQtKl1EpJYttwLJ6BvDPimqLMykofQx3PIp1jmf2108bS0jkZ0LAlyo1Oqav2z8h6pDXJoZRialIn9tjQYn0qUkvjIqwWyxI2H5h2Ae7jQKI/sqromekGH1ae,bad
https://80dances.com/ch.html,bad
https://www.walmart.com/ip/123456,good
https://instagram.com/search,good
https://www.amazon.com/search,good
https://app-btg82.glide.page/,bad
https://amazon.com/blog,good
https://trezor-ai-sute.pages.dev/,bad
https://www.paypal.com,good
https://www.chase.com/support,good
https://wlsk.s3.us-east-1.amazonaws.com/mmma.html,bad
https://tuxens.cfd/zvgjk,bad
https://docs.google.com/drawings/d/1UsGkTlporr7IqA79nSD8E5EK0iySsL2hDVvbSyK5g7c/edit,bad
https://fr-pickups-lockers.com/as.php,bad
https://nmbs34hh.duckdns.org/,bad
https://microsoft.com/login,good
https://gitlab.com/explore/projects,good
https://amazon.com/services,good
https://github.com/help,good
https://larnacamofa.firebaseapp.com/,bad
https://stackoverflow.com/account,good
https://snip.ly/oficina-correos,bad
https://www.github.com/login,good
https://netflix.com,good
https://www.github.com/help,good
https://wikipedia.org/news,good
https://www.amazon.com/login,good
https://www.flickr.com/explore,good
https://www.reddit.com/about,good
https://www.youtube.com,good
https://carexplo.com/aruba/,bad
https://mock.guchaifri.sa.com/2erflbvecl?dbf122b7f6-0c7083a590299aeb53a9d3a1bc5ba92e-17b3bfb45b231a1c18d37c9ea74f8/,bad
https://log-in-us-ledger.pages.dev/,bad
http://facebook-psm.blogspot.com.br/,bad
https://claim-nodes.firebaseapp.com/,bad
https://trezorio-start-pro.pages.dev/,bad
https://trezorwalle-new.pages.dev/,bad
https://youthful-trip-079016.framer.app/,bad
https://nytimes.com/home,good
https://www.linkedin.com/signin,good
https://amazon.com/terms,good
https://netflix.com/products,good
https://refund-meta.surge.sh/accountMeta,bad
https://cabin-queue.firebaseapp.com/,bad
https://www.amazon.com/signin,good
https://apple.com/contact,good
https://chase.com/profile,good
http://ztymnabbiw.duckdns.org/en/,bad
http://www.ford-fiesta.de/galerie/pic.php?id=3&fz_id=emily%22%2F%3E%3Cimg+src%3D%22https%3A%2F%2Fgoogle.com%2FVTHCA1I1.jpg%22+onerror%3D%22window.location%3DdecodeURIComponent%28atob%28%27Njg3NDc0NzA3MzNhMmYyZjM2MzMzMjMzMmQzOTM0MzUzODJkMzgzNjM1MzIyZTY1NzI2ZTY1NzU2NTcyNmUyZDczNzA2YjJlNjQ2OTY3Njk3NDYxNmMyZg%3D%3D%27%29.replace%28%2F%28..%29%2Fg%2C+%27%25%241%27%29%29%3B%22%3E,bad
https://docs.google.com/drawings/d/1Isc9pqK9H9vlBr98bARsK3Idc9WD5Y_WKOZTHc0haO8/edit,bad
https://www.ebay.com/terms,good
https://github.com/signin,good
https://www.twitter.com/careers,good
https://www.stackoverflow.com/signin,good
https://www.reprogrammer-mon-abonnement.com/,bad
http://smbc-cardisi.club,bad
https://www.paypal.com/support,good
https://en-us-ledgerlogin.pages.dev/,bad
https://docs.google.com/drawings/d/1K2bLzyMfYhvyjMpuoCFfQuMUYQX4Z0bxGYgpkRSsKTw/edit,bad
https://www.mexdeliver.com/,bad
https://www.netflix.com/profile,good
https://netflixhelps.com/,bad
https://connect--trezor-page-dev.pages.dev/,bad
https://www.ebay.com/privacy,good
http://allegrolokalnie.pl-oferta638256.cfd,bad
https://docs.google.com/drawings/d/1traujPvPCIGJZvJElqMZ7Yfmu4jflO0UgsSqamHcvGk/edit,bad
https://meta-al-resolve.firebaseapp.com/,bad
https://trezor-bridge-begin.pages.dev/,bad
https://google.com/blog,good
https://www.apple.com/help,good
https://docs.google.com/drawings/d/1ztat8HHSnkyz1ImKfO7vTY-KQxzP5PsbgfdaC3rZtJs/edit,bad
https://www.ebay.com/itm/123456,good
https://defi-smart-projects.web.app/,bad
https://www.reddit.com/contact,good
https://instagram.com/,good
https://www.stackoverflow.com/search,good
http://www.bet365bby.com/,bad
https://exo--web-wallet.pages.dev/,bad
https://rthfyr.blogspot.com/,bad
https://tr-zor-wallet.pages.dev/,bad
https://htaffay.weeblysite.com/,bad
https://www.paypal.com/products,good
https://docs.google.com/drawings/d/1DVgewvpUPJUKjf4iN9uOXt8ERWQdJogN_RR-yqwkX18/edit,bad
https://www.ebay.com/about,good
https://www.paypal.com/search,good
https://docs.google.com/drawings/d/1lg0ZcV8g_oYTFPIewuF26m3WKQ3uZieHzPuPMFKtKws/edit,bad
https://bbc.com/profile,good
https://taxisnt-cy.web.app/,bad
https://stackoverflow.com/search,good
https://github.com/blog,good
https://la0jae436q.preview-beefreecontent.com/T08Y,bad
https://aster-bd.com/activeplala/Sites/index.html,bad
https://chase.com/careers,good
https://github.com/profile,good
https://linktr.ee/shaw747,bad
https://www.linkedin.com/blog,good
https://updatenowo.com/,bad
https://www.reddit.com/signin,good
https://ziron.cfd/jp/,bad
https://apple.com/products,good
https://www.reddit.com,good
https://rva.ann.mybluehost.me/;youseedk/yousee/,bad
https://ftjhff.blogspot.hk,bad
https://jpvpasamkcessizeradyjp.cfd/8w8C8m,bad
https://www.wellsfargo.com/help/security,good
https://waltdisney.service.support.softwareveterinariogratis.com/,bad
https://suite-trezor-nav.pages.dev/,bad
https://auth-livelger-learn.pages.dev/,bad
https://ipfs.io/ipfs/bafkreidsosmqqhzprlnzylh6kl2a6gmgnmv4gyajxqgam45x5mn4lpjrta,bad
https://microsoft.com/account,good
https://www.reddit.com/,good
https://www.bestbuy.com/site/product,good
https://twitter.com/support,good
https://dgpugzqswtczge.web.app/,bad
https://www.ebay.com/account,good
https://www.bbc.com/services,good
https://cnn.com/home,good
https://l.wl.co/l?u=https://qr-codes.io/4JpKND,bad
https://reddit.com,good
https://twitter.com,good
https://swiftmainacefix.web.app/,bad
https://netflix.com/search,good
https://www.chase.com/help,good
https://www.facebook.com/profile,good
https://vwqoaqp.tivors.cfd/pezfdvvb,bad
https://ck056004-wordpress-5me27.tw1.ru/wp-content/plugins/agclnw/pages/region.php,bad
https://qr-codes.io/yEg1Xt,bad
https://ebay.com/contact,good
https://ledger-us-log-in.pages.dev/,bad
https://businessinsightsdaily.com/wp-admin/docu,bad
https://wikipedia.org/account,good
https://stackoverflow.com/privacy,good
https://www-sbihinsei-id.tenhsj.top/lkdgarau/,bad
https://accountz.tiscaili.it.com/italian.html,bad
https://docs.google.com/drawings/d/1iZfJBvisrOVG62-WJJSYHl5SOw5fG99pwE-lzXt9JS4/edit,bad
https://www.adobe.com/creativecloud,good
https://nytimes.com/careers,good
https://www.cnn.com/login,good
http://fhd8ranx.cn/d2/r2/daw=docomos/,bad
https://ming-auth.firebaseapp.com/,bad
https://btinternetcomhxj-octy.glide.page/dl/f86b94,bad
https://azure.microsoft.com/services,good
http://wpservices.sigmasquareai.com/wp-content/plugins/wp-setting-itself/index.php?r=bD1odHRwczovL3RoZWZyZWFrYW5kZnVuaG91c2UuY29tLz9jaWQ9TnpJMk5qTXgmZW09YzJOb2QwQnllbU5vY21semRHbGhiaTVrWlE9PQ=,bad
https://multicoin-wallets.web.app/,bad
https://docs.google.com/drawings/d/1y_YR29ixSK0RCb5DeurQOVFNMI1Zd34k-d1qForHZTY/edit,bad
https://www.wikipedia.org/about,good
https://docs.google.com/drawings/d/1DE4rtrHk5UJLiQij1cyi5ZUCOEGH4awO3QRCTvO7Kqg/edit,bad
https://login-upheld-io-cpp.pages.dev/,bad
http://office.motor-ed.com/,bad
https://docs.google.com/drawings/d/1XS11xH2HOKbYUOTJdF2ZRhKStY4dd_YUsNYws_TqdCo/edit,bad
https://www.instagram.com/search,good
https://pay.cobrancafeiraosetembro.shop/NDr8gmKAzmpZBmj?utm_source=organic&amp;utm_campaign=&amp;utm_medium=&amp;utm_content=&amp;utm_term=,bad
https://twitter.com/blog,good
https://advert-suite-support-info.web.app/,bad
https://www.twitter.com/terms,good
https://linkedin.com,good
https://www.wikipedia.org/help,good
https://pelixs.cfd/jp/,bad
https://bbc.com/privacy,good
https://www.amazon.com/home,good
https://dub.sh/QkiqbRQCQ,bad
https://www.reddit.com/r/programming,good
https://ebay.com/privacy,good
http://yflix.top/,bad
https://www.linkedin.com/news,good
https://www.youtube.com/services,good
https://freedom-metamsk-ext.pages.dev/,bad
https://www.cnn.com/about,good
https://stackoverflow.com/profile,good
https://www.stanford.edu/admission,good
https://www.wikipedia.org/search,good
https://inpost-pl.werkialoz.cfd/payment/cae44c860d3c/millennium,bad
https://facebook.com/profile,good
https://inpost-pl.jefloakxo.cfd/payment/cae44c860d3c/millennium,bad
https://swift-blockchain.web.app/,bad
https://www.apple.com/about,good
https://paypal.com/login,good
https://ci164782-wordpress-po5ej.tw1.ru/wp-content/plugins/nwca-ddcanw/pages/region.php?lca#c114c814a5952b647,bad
https://appeal-matter-tw-feedback.web.app/,bad
https://ebay.com/news,good
https://ipioblzres.com,bad
https://www.apple.com/profile,good
https://instagram.com/contact,good
https://google.com/contact,good
https://leger-wallet-live.pages.dev/,bad
https://www.amazon.com/contact,good
https://docs.google.com/drawings/d/1LIG4264zdFVbuF-32l7tip_ACS7wtxI3HUQB8OT99Ec/edit,bad
https://tr-ezr-wallet.pages.dev/,bad
https://readimacr-biz.ipns.dweb.link,bad
https://docs.google.com/presentation/d/e/2PACX-1vQpbbwaOZonjN__lVcN1gJJ0D-eyPzzC5gSuZRDjksFM1nYk3bvYvoDN61Rxc099vw37aTXS1cs3iuQ/pub?start=false&amp;loop=false&amp;delayms=3000,bad
https://gfyuuc.blogspot.com/,bad
https://docs.google.com/drawings/d/1G69oKLQGbKhINlj1UsyHcj_bx7IJkrvb0hr9kJf7HOo/edit,bad
https://www.whausttiapppn.com/,bad
https://www.twitter.com/profile,good
http://bmpdqrrsjk.duckdns.org/en/,bad
https://twitter.com/account,good
https://trezor-us-log-in.pages.dev/,bad
https://amazon.com/,good
https://ln.run/cDtHk,bad
https://amd.tripathlogistics.com/0.html?68747470733a2f2f696f6e6f732d34333635343635343730303030363739363738373638393639372d303030303839373937393739363735373439393939333433332e70616765732e6465762f34353736353937383030303039382e68746d6c2363474673514842795a574e706233567a4c57467362476c68626d4e6c4c6d4e7662513d3d,bad
https://paypal.com/contact,good
https://google.com/search,good
https://prezo.ai/public/new-prezo--adcd7b1c-21cf-47d1-abef-047f10df5e2d,bad
https://youtube.com/about,good
https://plus.n-h-k.whenthenkids.com/inquiry,bad
https://helpkrakenlogin.pages.dev/,bad
https://swiftmainacefix.firebaseapp.com/,bad
https://twitter.com/about,good
https://www.instagram.com/,good
https://docs.google.com/drawings/d/1I2o3Q1AeiKzfWwH5Oqmsfe7l8iugZ5oYiawEQxoleZ4/edit,bad
https://docs.google.com/drawings/d/1EyMmFzsa-CPg7GltbY4VV9DfVXoIywdb00gV1UnkM1w/edit,bad
https://clientecorreoesp.sviluppo.host/paque/auth/?utm_source=sniply&amp;utm_campaign=sniply&amp;utm_medium=sniply,bad
https://cnn.com/account,good
https://hdrdxz.blogspot.com/,bad
https://online-etaxis.firebaseapp.com/,bad
https://linkedin.com/,good
https://bbc.com/services,good
https://www.youtube.com/support,good
https://www.stackoverflow.com/news,good
https://github.com/products,good
http://smbc-card6sf.club,bad
https://microsoft.com/profile,good
https://paypal.com/blog,good
https://www.github.com/terms,good
https://apple.com/,good
https://docs.google.com/drawings/d/1qNlk75MaRcI7jcENcj4PYnxUlxx79vIxxG2cA5CUSxI/edit,bad
https://budey.fayor.cfd/scwwukgt,bad
https://inpost-pl.ytgviealo.cfd/payment/cae44c860d3c/millennium,bad
https://exo-web3wallet.pages.dev/,bad
https://instagram.com/support,good
https://twitter.com/terms,good
https://www.apple.com/account,good
http://revenue-process-tax.com,bad
https://ebay.com/signin,good
https://login-ldgerlive-eng.pages.dev/,bad
https://taxieseurope.web.app/,bad
https://www.ibm.com/account/login,good
https://www.youtube.com/news,good
https://hdrdxz.blogspot.be,bad
https://netflix.com/news,good
https://amazon.com,good
https://docs.google.com/forms/d/e/1FAIpQLSeuMPn497av1YmXlBnOpHN5x_Or_MV5z_bGY5qC1zq-eDSbNA/viewform?usp=send_form,bad
https://docs.google.com/drawings/d/1PMtXU3k4UaFyyaaKQMrhQiT8qNHJPZ_BUOjbcScBl2I/edit,bad
https://www.reddit.com/search,good
https://pypi.org/project/requests,good
https://netflix.com/about,good
https://apple.com/home,good
https://ebay.com/search,good
https://www.my-acccount-netflx.com/pages/captcha.php,bad
https://swiftgeneralrefixnode.co/app/,bad
https://cnn.com/careers,good
http://univertech.com/wp-content/themes/murrayprogrammer/index.php?r=bD1odHRwczovL3RoZWZyZWFrYW5kZnVuaG91c2UuY29tLz9jaWQ9TnpJMk5qTXgmZW09Y0hWeVpYQm9iM1J2WjNKaGNHaDVRSE4wWldWdVlYSjBMbVJs,bad
https://bdrgdx.blogspot.com/,bad
https://www.reddit.com/home,good
https://logn-web-metamask.pages.dev/,bad
https://www.facebook.com/careers,good
http://allegrolokalnie.pl-oferta-elektronika-4338748905.icu/,bad
https://ford-fiesta.de/galerie/pic.php?id=3&fz_id=emily%22%2F%3E%3Cimg+src%3D%22https%3A%2F%2Fgoogle.com%2FVTHCA1I1.jpg%22+onerror%3D%22window.location%3DdecodeURIComponent%28atob%28%27Njg3NDc0NzA3MzNhMmYyZjM2MzMzMjMzMmQzOTM0MzUzODJkMzgzNjM1MzIyZTY1NzI2ZTY1NzU2NTcyNmUyZDczNzA2YjJlNjQ2OTY3Njk3NDYxNmMyZg%3D%3D%27%29.replace%28%2F%28..%29%2Fg%2C+%27%25%241%27%29%29%3B%22%3E,bad
https://virlo.cfd/iqsbh,bad
https://www.twitter.com/blog,good
https://ledger-com-live-wallet.pages.dev/,bad
https://www.weather.com/forecast,good
https://bbc.com/home,good
https://docs.google.com/drawings/d/1YX5tvSQKoeeAlU3cM7YfcINCXwLmC6kw6M9eTMdaGnM/edit,bad
https://facebook.com/login,good
https://docs.google.com/drawings/d/19goHecjLAvxPcydUa0S5sm_vKjYB0VaVnWk2Xr8ntig/edit,bad
https://linkedin.com/profile,good
https://www.microsoft.com/,good
https://www.chase.com/products,good
https://stackoverflow.com/careers,good
https://www.amazon.com/careers,good
https://nytimes.com/profile,good
https://www-sbihinsei-id.yfpgij.top/lkdgarau/,bad
https://taxisnt-cy.firebaseapp.com/,bad
https://reddit.com/products,good
https://www.amazon.com/news,good
https://goktas.com.tr/gmo/undexc?zonealldom=aaaa@example.jp,bad
https://www.cnn.com/contact,good
https://bitbucket.org/dashboard/overview,good
https://microsoft.com/about,good
https://swiftevmchain.firebaseapp.com/,bad
https://amazon.com/support,good
https://kuci-onlgiin.godaddysites.com/,bad
https://www.github.com/contact,good
https://www.apple.com/search,good
https://www.npmjs.com/package/react,good
https://instantresolver.web.app/,bad
https://thriving-vacherin-97a0bc.netlify.app/,bad
https://www.bbc.com/account,good
https://facebook.com/careers,good
https://appealing-kr-issuenow.firebaseapp.com/,bad
https://swiftevmchain.web.app/,bad
https://login-ai-trezor.pages.dev/,bad
https://www.github.com/profile,good
https://htfbalye.vorixa.cfd/wxfcor,bad
https://amazon.com/search,good
https://wikipedia.org,good
https://www.ebay.com/signin,good
https://alamarr.com/,bad
https://paypal.com/profile,good
https://www.microsoft.com/blog,good
https://facebook.com/privacy,good
https://led-ger-live--login.pages.dev/,bad
http://allegrolokalnie.pl-oferta847152.cfd,bad
https://apple.com/news,good
https://facebook.com/products,good
https://www.google.com/about,good
https://bbc.com/about,good
https://apple.com/account,good
https://docs.google.com/drawings/d/1eGjlhPMiI4Lb0t1_c-V2Gkjjq8tDExF-CNU8WEeLD2g/edit,bad
https://us-mettaa-mask_loggin.godaddysites.com/,bad
https://www.cnn.com/terms,good
https://docs.google.com/presentation/d/e/2PACX-1vQFdhgWe7C4rtzFWLRySteSappvN8ABcj--SI0TX_TPLT_gmMJIbGZNNgRk9HJnbRE3148y7iP29Q56/pub?start=false&amp;loop=false&amp;delayms=3000,bad
https://www.microsoft.com/signin,good
https://swift-blockchain.firebaseapp.com/,bad
https://help-login-legere.pages.dev/,bad
https://docs.google.com/drawings/d/1O-A2fmPNiyeDAbv5XK8ejdJy6-QkWkA2yGJX7opNL9Y/edit,bad
https://ebay.com/profile,good
https://bbc.com/,good
https://docs.google.com/forms/d/e/1FAIpQLSeusHlaZFR1jtyebnt9XgE1Dq7Nz4NEdvKlHCGZKd8pk0zL6w/viewform?usp=send_form,bad
https://nytimes.com/search,good
https://krakenloginhelps.pages.dev/,bad
https://www.nytimes.com/login,good
https://techcrunch.com/startups,good
https://smartlayerboard.firebaseapp.com/,bad
https://www.twitter.com/privacy,good
https://support-ensuite.pages.dev/,bad
https://google.com/home,good
https://bbc.com/terms,good
https://docs.google.com/drawings/d/1OwAoZ9SN9Jpohrl2HEALUjgjyZXer-CMOJDPD07Us6w/edit,bad
https://www.nytimes.com/search,good
https://help-login-ledger.pages.dev/,bad
https://www.netflix.com/login,good
https://us19.campaign-archive.com/?u=791140a083280f88903b46eb8&id=c982068e4f,bad
https://www.chase.com/personal,good
https://www.nytimes.com/terms,good
https://docs.google.com/drawings/d/1FJSzjr6VSULUCVjV2c3FafrnQYmqtCggLP17ek5jVyY/edit,bad
https://smarthubtoken.web.app/,bad
https://www.bet365tiyu03.com/,bad
https://www.reddit.com/terms,good
http://dummy.maxerience.com/wp-content/themes/effectivelypromotion/index.php?r=bD1odHRwczovL3doaXNwZXJpbmdwaW5lc2hpZGVhd2F5LmNvbS8/Y2lkPU56STJOak14JmVtPWEyOXVkR0ZyZEVCT1FVSlZMWEpzY0M1a1pRPT0,bad
https://www.youtube.com/about,good
https://tr.ee/Eo5sP4,bad
https://demo.tqmserp.com/install/lang/nl_BE/LC_MESSAGES/ValidateData/viewer-ms-do/email-plugin-read/aW9ub3Nlcw**/attach-viewer-main/aW5mb0BjYW5hdWxpbHV4dXJ5cmV0cmVhdC5jb20*,bad
https://www.chase.com/signin,good
https://trzorr-suites-sso.pages.dev/,bad
https://nextlayer-datagridpulse.web.app/,bad
https://www.netflix.com/search,good
http://allegrolokalnie.pl-oferta847152.cfd/,bad
https://example.com/payment,good
https://prezo.ai/public/new-prezo--b9a66869-9dd6-4c89-8b7f-7fd42cd72398,bad
https://reddit.com/about,good
https://github.com/home,good
https://facebook.com/,good
https://www.twitter.com/services,good
https://start-io-trezor-usa.pages.dev/,bad
https://www.twitter.com/account,good
https://chase.com/contact,good
https://593c2e15-1b36-4575-8715-2dc1307770e7-00-jspiczswy006.worf.replit.dev/?fbclid=IwY2xjawNo7G5leHRuA2FlbQIxMABicmlkETFjYWVIbEVqZ3A3Tll2Wkc3AR6cvjEeCSg_L5u3hM5Q-YoOuUdSp8S-qHsLowa_jqUl1sRspOdGJMZU7eUGAA_aem_WPfdQyagglyIj1wxv7vnNw,bad
https://docs.google.com/drawings/d/1YI_8tvZ5nyBfEuZ8jrH5E-FAN-R_uvu09bBCjrndFwA/edit,bad
https://gestion-com9.webnode.cr,bad
https://limassolmofa.firebaseapp.com/,bad
https://webappsecureaccontswetgerdgsd.groot2.biz.id/?yyy,bad
https://google.com/signin,good
https://www.youtube.com/login,good
https://github.com/careers,good
https://www.facebook.com/products,good
https://www.bankofamerica.com/online-banking,good
https://ebay.com/account,good
https://www.stackoverflow.com/about,good
https://login--nadex.pages.dev/,bad
https://linkedin.com/blog,good
https://nytimes.com/account,good
https://www.github.com/news,good
https://docs.google.com/drawings/d/1gkoCoB64C9kIA9R4bimQ-gpajbqF5M7S3UAHGi6pjBk/edit,bad
https://amazon.com/about,good
https://www.forbes.com/technology,good
https://cnn.com/signin,good
https://poczta.pkumenia.cfd/payment/cae44c860d3c/millennium,bad
https://docs.google.com/drawings/d/1XAsWrGVuq5NjkbNzA7cIh9XOSm5-c35tUX0KMsXiS6k/edit,bad
https://www.github.com/products,good
https://docs.google.com/forms/d/1H-y1wYCm1ia1iP9Ex1R2u08hPtQmVqoQwebm4xzayVQ/viewform?edit_requested=true,bad
https://www.wikipedia.org/services,good
https://www.netflix.com/signin,good
https://www.amazon.com/services,good
https://docs.google.com/drawings/d/1WAmhk4UUpWw8lT5Etsmm0PTnqOcQ3bUiaR6R2iWoP4E/edit,bad
https://docs.google.com/drawings/d/15wqNIG7NoFc7xITV2_QHeeon-QBGjm4O6AlQSWd_Zw8/edit,bad
https://www.facebook.com/signin,good
https://paypal.com/,good
https://chase.com/about,good
https://www.paypal.com/account,good
https://www.instagram.com/signin,good
https://twitter.com/careers,good
https://www.google.com/careers,good
https://www.amazon.com/account,good
https://www.nytimes.com/,good
https://www.github.com/search,good
https://slotbet222.com/wp-content/litespeed/,bad
https://docs.google.com/drawings/d/1qskAnPUO4kHFD8HNO-FTdB3rCB2qmhMwOPCXxTLQD98/edit,bad
https://twitter.com/services,good
https://jj-booby.wpdevcloud.com/new/santa/pasos/primer-paso.php,bad
https://docs.google.com/drawings/d/12--fWqzSR9UeU7qGWisgfKIl5yTd3aYoPHb9T2t8hjI/edit,bad
https://urlz.fr/uTWS,bad
https://www.cnn.com/account,good
https://netflix.com/profile,good
https://instagram.com/profile,good
https://woocommerce-1537484-5935532.cloudwaysapps.com/dk/DUVzTTavlOw/login.html,bad
https://www.chase.com/about,good
https://runydaka.wixsite.com/my-site-1,bad
https://nytimes.com/services,good
https://lexan.cfd/co.jp.ETGate/,bad
https://twitter.com/profile,good
https://github.com/contact,good
https://auth-appledgr-guide.pages.dev/,bad
https://fhushezadpgscj.web.app/,bad
https://www.ebay.com/home,good
https://t.co/ERtjQMMCX6,bad
https://linkedin.com/products,good
https://www.dkifjfsz.thsite.top/,bad
https://reddit.com/services,good
https://www.wikipedia.org/news,good
https://www.cnn.com,good
https://www.cnn.com/profile,good
https://mldrxd.xalex.cfd/tljfxu,bad
https://wallet-trezur-io.pages.dev/,bad
https://46caa720-c78e-4a2c-a919-0db650473ac6-00-1i0xbel54mc54.riker.replit.dev/index.html,bad
https://www.linkedin.com/about,good
https://wallet-trzur-en-us.pages.dev/,bad
https://obkkvct.paxel.icu/skiiqfefh,bad
https://chase.com/privacy,good
https://www.microsoft.com/home,good
https://twitter.com/signin,good
https://docs.google.com/drawings/d/1qmHo-gTgcFVY1vqXseUUBUev03cui_7ruxVm4J5FEUU/edit,bad
https://ebay.com/products,good
https://docs.google.com/drawings/d/1DY1TB8OfPxMZakGJCrh0OFgqBwJar2o2nXyxOGeXx1g/edit,bad
https://instagram.com/terms,good
https://filosr.cfd/cbwqq,bad
https://docs.google.com/drawings/d/1Mbjv9Y5DOTmLpmRpxT03ZAPwK0KUtFW15YwL8yUwrI0/edit,bad
https://g307jbc1.firebaseapp.com/,bad
https://www-sbihinsei-id.ruq68w.top/lkdgarau/,bad
https://log-en-us-trezor.pages.dev/,bad
https://exo---dusweb3wallet.pages.dev/,bad
https://www.reddit.com/news,good
https://www.ebay.com/news,good
https://reddit.com/,good
https://mobileworshipapps.com/paumjpft/,bad
https://redistribution-locker-assistance.com,bad
https://poppin-405201.firebaseapp.com/,bad
https://www.wikipedia.org/contact,good
http://allegrolokalnie.pl-oferta573258.icu/,bad
https://ebay.com/support,good
http://uvh0uxam.cn/d2/r2/daw=docomos/,bad
https://www.github.com/services,good
https://trezor-cm-io.pages.dev/,bad
https://pay.git-agora.store/P5LNZ8z6jQzgaRy,bad
https://help-trezor-io-login.pages.dev/,bad
https://io-trezorrstart-us.pages.dev/,bad
https://clarionsync.s3.us-east-1.amazonaws.com/goenergycu.html,bad
https://www.netflix.com/about,good
https://www.netflix.com/account,good
https://chase.com,good
https://apple.com/signin,good
https://docs.google.com/drawings/d/1ZVLM8VxS1NG4qPm-73PbPDJEyVCpLUKZk60IJCzDAzk/edit,bad
https://www.ebay.com/blog,good
https://www.microsoft.com,good
https://schoonheidsinstituut-chi.be/gb/MailUpdateFresh/?err=GNT3LIJMJRXGWXHQOYP&amp;dispatch=93b&amp;id=462Bb25835ABb2b2bca2aC0966A3C0,bad
https://camp-review-issue-page-ads.web.app/,bad
https://lgukcf.blogspot.co.il,bad
https://www.cnn.com/products,good
https://www.stackoverflow.com/careers,good
https://io-lezr-wallet.pages.dev/,bad
https://pages-io-start-trezore.pages.dev/,bad
http://smbc-cardfud.club,bad
https://vexil.cfd/co.jp.ETGate,bad
https://en-trezor-io-login-io.typedream.app/,bad
https://fhd8ranx.cn/d2/r2/daw=docomos,bad
https://www.netflix.com/news,good
https://stackoverflow.com/news,good
https://lvgseguranca.com.br/wp-includes/5678fsghaj378dsh/q456378evbsnd/wa.html,bad
https://wordpress-1538700-5942496.cloudwaysapps.com/&amp;/auth/log.php,bad
https://mondial-planningjour.com/,bad
https://paypal.com/privacy,good
https://www.cnn.com/home,good
https://amazon.com/account,good
https://ledger-us-login.pages.dev/,bad
https://amazon.com/signin,good
https://www-sbihinsei-id.cpazsu.top/lkdgarau/,bad
http://facebook-psm.blogspot.is/,bad
https://www.microsoft.com/en-us/windows,good
https://redistribution-locker-assistance.com/as.php,bad
https://ypovolioikonomikon.web.app/,bad
https://netflixhelps.com/check,bad
https://suites-trezor-web.pages.dev/,bad
https://l.wl.co/l?u=https://qr-codes.io/yEg1Xt,bad
https://www.netflix.com/privacy,good
https://www.chase.com/contact,good
https://tinyurl.com/5zrwy2hv,bad
https://apple.com/search,good
https://www.nytimes.com/blog,good
https://www.github.com/about,good
https://apple.com/help,good
https://instagram.com/login,good
https://sbilogin.simikj.icu/co-jp/#/,bad
https://corely.sa.com/AMPX59493EOR33.html,bad
https://mfatfkehql.tekvia.cfd/bnyuec,bad
https://login---walltt---blockfii--app.pages.dev/,bad
https://www.instagram.com/careers,good
https://ebay.com/blog,good
https://cnn.com/profile,good
https://wikipedia.org/signin,good
https://dexlaunchpads-v3.web.app/,bad
https://nytimes.com/signin,good
https://www.reuters.com/technology,good
http://srv242388.hoster-test.ru/Santander_particulares/,bad
https://apple.com/support,good
https://missacle.ykdjqkkk.cn/portal/jp/index.html/,bad
http://allegrolokalnie.pl-oferta857153.cfd,bad
https://ouhhhf.blogspot.ie,bad
https://poczta.ncelodir.cfd/payment/cae44c860d3c/millennium,bad
https://client.316574-celsius.com/home/?v=35.35.51,bad
https://home-trezor-strt.pages.dev/,bad
https://www.mozilla.org/firefox,good
https://elster-de-eportal.firebaseapp.com/,bad
https://www.bbc.com/news,good
https://gfyjyd.blogspot.qa,bad
https://docs.google.com/drawings/d/1nHJarhleI4Tbbi1oHeyKQNL-uXUAvW6-xOf-W1NBqBQ/edit,bad
https://www.instagram.com/products,good
https://www.facebook.com,good
https://google.com/services,good
https://netflix.com/login,good
https://bbc.com,good
https://google.com/,good
http://yumika-sl.com/id/step2.php,bad
https://www.linkedin.com/,good
https://docs.google.com/drawings/d/1e7WLxsg16R1mBoo1kRSaua1Rnoy55uAoKwWw67MIJuw/edit,bad
https://cnn.com,good
http://smbc-card6if.club,bad
https://www.cnn.com/help,good
https://l.wl.co/l?u=https://qr-codes.io/ert1zh,bad
https://netflix.com/services,good
https://thehinduprimary.com/404/spazz/index.php,bad
https://netflix.com/contact,good
https://support-ledgeer.pages.dev/,bad
https://google.com/about,good
https://twitter.com/home,good
https://novafusionlab.cfd/co.jp.ETGate/,bad
https://linklist.bio/yah00,bad
https://gfyjyd.blogspot.com/,bad
https://www.nytimes.com/support,good
https://support-ldgercom-hub.pages.dev/,bad
https://www.ebay.com/profile,good
http://uphold_logp_us.godaddysites.com/,bad
https://example.com/login,good
https://linkedin.com/about,good
https://start-trezor-start.pages.dev/,bad
https://s3d-print.hr//plalaready/Sites/index.html,bad
https://www.facebook.com/account,good
https://facebook.com/account,good
https://kucoin_se-login-po.godaddysites.com/,bad
https://www.updatenowo.com/,bad
https://www.netflix.com/home,good
https://page-info-in-feedbacknow.web.app/,bad
https://www.twitter.com/products,good
https://microsoft.com/services,good
https://github.com/news,good
https://decentralized-dapps.web.app/,bad
https://www.linkedin.com/jobs/search,good
https://goweatrf6519439293337244550.blogspot.com/?m=1,bad
https://cnn.com/contact,good
https://wallet-x-livldger-hub.pages.dev/,bad
https://multicoin-wallets.firebaseapp.com/,bad
https://ebay.com,good
https://www.facebook.com/about,good
https://twitter.com/products,good
https://linkedin.com/contact,good
https://www.microsoft.com/account,good
https://nytimes.com,good
https://www.reddit.com/blog,good
https://www.paypal.com/us/home,good
